dataref,Ano,trimestre,carteira_15a90,carteira_over90,tipo_pessoa
202001,2020,1T2020,18539.86623138,39304.14132106,PF
202002,2020,1T2020,18035.194951939997,39317.06691944,PF
202003,2020,1T2020,19385.94656401,40283.54937327,PF
202004,2020,2T2020,21233.83984259,41148.708373400004,PF
202005,2020,2T2020,19223.86995235,41375.02962447,PF
202006,2020,2T2020,16228.43213523,39688.50009146,PF
202007,2020,3T2020,13786.640238209999,39445.04259807,PF
202008,2020,3T2020,13289.49958206,38105.509461300004,PF
202009,2020,3T2020,12644.56309583,35961.92022423,PF
202010,2020,4T2020,12951.945501540002,34630.686305790005,PF
202011,2020,4T2020,13008.30179802,33217.58681603,PF
202012,2020,4T2020,12431.902495139999,32095.37967198,PF
202101,2021,1T2021,13499.33991847,31181.433224520002,PF
202102,2021,1T2021,13879.51846575,30072.379371979998,PF
202103,2021,1T2021,15323.50210492,29223.68216554,PF
202104,2021,2T2021,16280.914944600001,29353.96558402,PF
202105,2021,2T2021,17735.09753256,30561.68178744,PF
202106,2021,2T2021,16790.52142912,30580.90770672,PF
202107,2021,3T2021,16230.61016828,30968.0713225,PF
202108,2021,3T2021,16448.58570549,32126.551009169998,PF
202109,2021,3T2021,17200.206185439998,33144.704469330005,PF
202110,2021,4T2021,18920.73551635,34591.74031208,PF
202111,2021,4T2021,20792.34787943,36305.52512962,PF
202112,2021,4T2021,20291.07366057,38038.94812326,PF
202201,2022,1T2022,22501.79846885,40717.000981440004,PF
202202,2022,1T2022,23286.54055912,42277.09235672,PF
202203,2022,1T2022,25287.62434087,43967.40904121,PF
202204,2022,2T2022,25739.71168085,46728.39726084,PF
202205,2022,2T2022,26262.1009927,49380.65994667,PF
202206,2022,2T2022,26908.111950669998,50184.73458219,PF
202207,2022,3T2022,27604.29656719,53754.22254753,PF
202208,2022,3T2022,28157.193304369997,56191.078778309995,PF
202209,2022,3T2022,28531.33293044,58394.79137922,PF
202210,2022,4T2022,28897.233346459998,61001.02202929,PF
202211,2022,4T2022,30001.484660349997,61892.86095792,PF
202212,2022,4T2022,28935.62062605,63326.66950114,PF
202301,2023,1T2023,29671.00510296,65848.34154118,PF
202302,2023,1T2023,29765.39987071,66714.24813030001,PF
202303,2023,1T2023,31520.016666720003,67555.41640603,PF
202304,2023,2T2023,31429.05037119,69194.34158366,PF
202305,2023,2T2023,31458.473060689998,71693.56906760001,PF
202306,2023,2T2023,31447.619224240003,69029.07664515,PF
202307,2023,3T2023,30738.827334349997,69817.955408,PF
202308,2023,3T2023,29913.864955759997,70057.10762791001,PF
202309,2023,3T2023,30396.01211588,69194.88807172999,PF
202310,2023,4T2023,31405.85394957,69159.32520366,PF
202311,2023,4T2023,31793.27700306,67438.72794514,PF
202312,2023,4T2023,30577.07828158,66346.89006911,PF
202401,2024,1T2024,31251.35918929,66899.43504953,PF
202402,2024,1T2024,31532.207695669997,66175.41405747,PF
202403,2024,1T2024,33646.99626667,66649.5102249,PF
202404,2024,2T2024,35316.337330480004,68243.28606744,PF
202405,2024,2T2024,38011.19770064,69967.71124733999,PF
202406,2024,2T2024,36732.41462093,69914.01543996,PF
202407,2024,3T2024,35678.406349510005,72558.24494324,PF
202408,2024,3T2024,35808.31110268,74047.86194927001,PF
202409,2024,3T2024,35132.77374312,74201.84450862,PF
202410,2024,4T2024,37011.685355129994,74038.60921089999,PF
202411,2024,4T2024,37395.09615887,74027.31792686999,PF
202412,2024,4T2024,35430.01770157,74977.15979079,PF
202501,2025,1T2025,36577.20253432,84147.82369549,PF
202502,2025,1T2025,40602.892125779996,88993.20582697,PF
202503,2025,1T2025,41262.6957184,90023.03717625,PF
202504,2025,2T2025,44701.54662776,97119.97361377001,PF
202505,2025,2T2025,47657.243021099996,101899.21328003,PF
202506,2025,2T2025,48775.158005239995,104792.13390627,PF
202507,2025,3T2025,48326.72180041001,110289.05032148,PF
202508,2025,3T2025,53508.37404729,118460.75477764,PF
202509,2025,3T2025,51414.73073872,120613.15408826,PF
202510,2025,4T2025,53778.46650346,127649.48198639999,PF
202511,2025,4T2025,56626.16059423,131644.00214092,PF
202512,2025,4T2025,52874.24883302,132157.53747116,PF
