ano,dataref,trimestre,inadimplencia,tipo_pessoa,familias_endividadas,familias_atraso,taxa_juros,carteira,carteira_over90,carteira_15a90
2025,202512,4T2025,4.99,PF,78.9,29.4,37.58,4430412,132157.53747116,52874.24883302
2025,202511,4T2025,5.0,PF,79.2,30.0,37.7,4382025,131644.00214092,56626.16059423
2025,202510,4T2025,4.86,PF,79.5,30.5,36.58,4321868,127649.4819864,53778.46650346
2025,202509,3T2025,4.76,PF,79.2,30.5,36.29,4260447,120613.15408826,51414.73073872
2025,202508,3T2025,4.79,PF,78.8,30.4,36.36,4226068,118460.75477764,53508.37404729
2025,202507,3T2025,4.54,PF,78.5,30.0,36.16,4188077,110289.05032148,48326.72180041001
2025,202506,2T2025,4.29,PF,78.4,29.5,36.64,4155742,104792.13390627,48775.15800524
2025,202505,2T2025,4.24,PF,78.2,29.5,36.46,4133403,101899.21328003,47657.2430211
2025,202504,2T2025,4.13,PF,77.6,29.100000000000005,36.11,4116655,97119.97361377,44701.54662776
2025,202503,1T2025,3.91,PF,77.1,28.6,35.61,4083812,90023.03717625,41262.6957184
2025,202502,1T2025,3.85,PF,76.4,28.6,35.19,4040708,88993.20582697,40602.89212578
2025,202501,1T2025,3.78,PF,76.1,29.100000000000005,34.01,4013980,84147.82369549,36577.20253432
2024,202412,4T2024,3.54,PF,76.7,29.299999999999997,33.07,3965534,74977.15979079,35430.01770157
2024,202411,4T2024,3.66,PF,77.0,29.4,32.93,3929256,74027.31792686999,37395.09615887
2024,202410,4T2024,3.7,PF,76.9,29.299999999999997,32.39,3877157,74038.60921089999,37011.68535513
2024,202409,3T2024,3.75,PF,77.2,28.999999999999996,32.29,3831806,74201.84450862,35132.77374312
2024,202408,3T2024,3.74,PF,78.0,28.800000000000004,32.11,3790764,74047.86194927001,35808.31110268
2024,202407,3T2024,3.7,PF,78.5,28.800000000000004,32.41,3744082,72558.24494324,35678.406349510005
2024,202406,2T2024,3.62,PF,78.8,28.800000000000004,32.54,3704064,69914.01543996,36732.41462093
2024,202405,2T2024,3.69,PF,78.8,28.6,32.52,3674815,69967.71124733999,38011.19770064
2024,202404,2T2024,3.66,PF,78.5,28.6,32.59,3646778,68243.28606744,35316.337330480004
2024,202403,1T2024,3.62,PF,78.1,28.6,32.83,3614106,66649.5102249,33646.99626667
2024,202402,1T2024,3.67,PF,77.9,28.1,32.34,3580901,66175.41405747,31532.20769567
2024,202401,1T2024,3.67,PF,78.1,28.300000000000004,32.25,3560807,66899.43504953,31251.35918929
2023,202312,4T2023,3.66,PF,77.6,28.800000000000004,33.2,3522206,66346.89006911,30577.07828158
2023,202311,4T2023,3.79,PF,76.6,28.999999999999996,34.0,3490967,67438.72794514,31793.27700306
2023,202310,4T2023,3.89,PF,76.9,29.7,34.17,3449675,69159.32520366,31405.85394957
2023,202309,3T2023,3.92,PF,77.4,30.2,34.81,3411538,69194.88807172999,30396.01211588
2023,202308,3T2023,4.04,PF,77.4,30.0,35.37,3387211,70057.10762791001,29913.86495576
2023,202307,3T2023,4.14,PF,78.1,29.600000000000005,36.02,3332138,69817.955408,30738.82733435
2023,202306,2T2023,4.18,PF,78.5,29.2,36.58,3310857,69029.07664515,31447.619224240003
2023,202305,2T2023,4.25,PF,78.3,29.100000000000005,37.27,3308931,71693.56906760001,31458.47306069
2023,202304,2T2023,4.18,PF,78.3,29.100000000000005,37.19,3282388,69194.34158366,31429.05037119
2023,202303,1T2023,4.03,PF,78.3,29.4,36.19,3270928,67555.41640603,31520.016666720003
2023,202302,1T2023,4.08,PF,78.3,29.799999999999997,35.58,3235889,66714.24813030001,29765.39987071
2023,202301,1T2023,4.04,PF,78.0,29.9,35.27,3221624,65848.34154118,29671.00510296
2022,202212,4T2022,3.88,PF,78.0,30.0,34.92,3187782,63326.66950114,28935.62062605
2022,202211,4T2022,3.85,PF,78.9,30.3,36.14,3156588,61892.86095792,30001.48466035
2022,202210,4T2022,3.83,PF,79.2,30.3,35.26,3111431,61001.02202929,28897.23334646
2022,202209,3T2022,3.74,PF,79.3,30.0,33.74,3055514,58394.79137922,28531.33293044
2022,202208,3T2022,3.72,PF,79.0,29.600000000000005,34.01,3009898,56191.07877831,28157.19330437
2022,202207,3T2022,3.65,PF,78.0,28.999999999999996,33.68,2955620,53754.22254753,27604.29656719
2022,202206,2T2022,3.52,PF,77.3,28.499999999999996,32.6,2914335,50184.73458219,26908.11195067
2022,202205,2T2022,3.59,PF,77.4,28.7,32.04,2875462,49380.65994667,26262.1009927
2022,202204,2T2022,3.48,PF,77.7,28.6,31.46,2830339,46728.39726084,25739.71168085
2022,202203,1T2022,3.39,PF,77.5,27.800000000000004,31.0,2800311,43967.40904121,25287.62434087
2022,202202,1T2022,3.33,PF,76.6,27.0,29.66,2755932,42277.09235672,23286.54055912
2022,202201,1T2022,3.21,PF,76.1,26.400000000000002,29.1,2735580,40717.00098144,22501.79846885
2021,202112,4T2021,3.0,PF,76.3,26.200000000000003,28.2,2708971,38038.94812326,20291.07366057
2021,202111,4T2021,2.97,PF,75.6,26.1,27.42,2665388,36305.52512962,20792.34787943
2021,202110,4T2021,2.95,PF,74.6,25.6,26.51,2602076,34591.74031208,18920.73551635
2021,202109,3T2021,2.97,PF,74.0,25.5,25.24,2547929,33144.704469330005,17200.206185439998
2021,202108,3T2021,2.92,PF,72.9,25.6,24.68,2495958,32126.55100917,16448.58570549
2021,202107,3T2021,2.9,PF,71.4,25.6,24.15,2439145,30968.0713225,16230.61016828
2021,202106,2T2021,2.87,PF,69.7,25.1,24.18,2398138,30580.90770672,16790.52142912
2021,202105,2T2021,2.97,PF,68.0,24.3,24.11,2360682,30561.68178744,17735.09753256
2021,202104,2T2021,2.91,PF,67.5,24.2,24.75,2322034,29353.96558402,16280.9149446
2021,202103,1T2021,2.87,PF,67.3,24.4,24.48,2297064,29223.68216554,15323.50210492
2021,202102,1T2021,2.92,PF,66.7,24.5,24.16,2270532,30072.37937198,13879.51846575
2021,202101,1T2021,2.88,PF,66.5,24.8,23.8,2253131,31181.43322452,13499.33991847
2020,202012,4T2020,2.84,PF,66.3,25.2,22.65,2239719,32095.37967198,12431.90249514
2020,202011,4T2020,2.97,PF,66.0,25.7,23.13,2205910,33217.58681603,13008.30179802
2020,202010,4T2020,3.06,PF,66.5,26.1,23.57,2159264,34630.686305790005,12951.945501540002
2020,202009,3T2020,3.14,PF,67.2,26.5,23.09,2123244,35961.92022423,12644.56309583
2020,202008,3T2020,3.3,PF,67.5,26.700000000000003,23.52,2092254,38105.5094613,13289.49958206
2020,202007,3T2020,3.46,PF,67.4,26.3,24.27,2060528,39445.04259807,13786.64023821
2020,202006,2T2020,3.62,PF,67.1,25.4,24.61,2041232,39688.50009146,16228.43213523
2020,202005,2T2020,3.98,PF,66.5,25.1,26.11,2027853,41375.02962447,19223.86995235
2020,202004,2T2020,4.07,PF,66.6,25.3,26.8,2029785,41148.7083734,21233.83984259
2020,202003,1T2020,3.94,PF,66.2,25.3,28.32,2049113,40283.54937327,19385.94656401
2020,202002,1T2020,3.66,PF,65.1,24.1,28.71,2042663,39317.06691944,18035.19495194
2020,202001,1T2020,3.57,PF,65.3,23.8,28.12,2033634,39304.14132106,18539.86623138
